<?xml version="1.0" ?>
<commonRoad affiliation="TUM" author="Christian Pek" benchmarkID="ZAM_Urban-3_1" commonRoadVersion="2018b" date="2019-08-29" source="BMW CAR@TUM" tags="critical evasive multi_lane" timeStepSize="0.25">
  <lanelet id="1">
    <leftBound>
      <point>
        <x>-10.00</x>
        <y>0.00</y>
      </point>
      <point>
        <x>-9.00</x>
        <y>0.00</y>
      </point>
      <point>
        <x>-8.00</x>
        <y>0.00</y>
      </point>
      <point>
        <x>-7.00</x>
        <y>0.00</y>
      </point>
      <point>
        <x>-6.00</x>
        <y>0.00</y>
      </point>
      <point>
        <x>-5.00</x>
        <y>0.00</y>
      </point>
      <point>
        <x>-4.00</x>
        <y>0.00</y>
      </point>
      <point>
        <x>-3.00</x>
        <y>0.00</y>
      </point>
      <point>
        <x>-2.00</x>
        <y>0.00</y>
      </point>
      <point>
        <x>-1.00</x>
        <y>0.00</y>
      </point>
      <point>
        <x>0.00</x>
        <y>0.00</y>
      </point>
      <point>
        <x>1.00</x>
        <y>0.00</y>
      </point>
      <point>
        <x>2.00</x>
        <y>0.00</y>
      </point>
      <point>
        <x>3.00</x>
        <y>0.00</y>
      </point>
      <point>
        <x>4.00</x>
        <y>0.00</y>
      </point>
      <point>
        <x>5.00</x>
        <y>0.00</y>
      </point>
      <point>
        <x>6.00</x>
        <y>0.00</y>
      </point>
      <point>
        <x>7.00</x>
        <y>0.00</y>
      </point>
      <point>
        <x>8.00</x>
        <y>0.00</y>
      </point>
      <point>
        <x>9.00</x>
        <y>0.00</y>
      </point>
      <point>
        <x>10.00</x>
        <y>0.00</y>
      </point>
      <point>
        <x>11.00</x>
        <y>0.00</y>
      </point>
      <point>
        <x>12.00</x>
        <y>0.00</y>
      </point>
      <point>
        <x>13.00</x>
        <y>0.00</y>
      </point>
      <point>
        <x>14.00</x>
        <y>0.00</y>
      </point>
      <point>
        <x>15.00</x>
        <y>0.00</y>
      </point>
      <point>
        <x>16.00</x>
        <y>0.00</y>
      </point>
      <point>
        <x>17.00</x>
        <y>0.00</y>
      </point>
      <point>
        <x>18.00</x>
        <y>0.00</y>
      </point>
      <point>
        <x>19.00</x>
        <y>0.00</y>
      </point>
      <point>
        <x>20.00</x>
        <y>0.00</y>
      </point>
      <point>
        <x>21.00</x>
        <y>0.00</y>
      </point>
      <point>
        <x>22.00</x>
        <y>0.00</y>
      </point>
      <point>
        <x>23.00</x>
        <y>0.00</y>
      </point>
      <point>
        <x>24.00</x>
        <y>0.00</y>
      </point>
      <point>
        <x>25.00</x>
        <y>0.00</y>
      </point>
      <point>
        <x>26.00</x>
        <y>0.00</y>
      </point>
      <point>
        <x>27.00</x>
        <y>0.00</y>
      </point>
      <point>
        <x>28.00</x>
        <y>0.00</y>
      </point>
      <point>
        <x>29.00</x>
        <y>0.00</y>
      </point>
      <point>
        <x>30.00</x>
        <y>0.00</y>
      </point>
      <point>
        <x>31.00</x>
        <y>0.00</y>
      </point>
      <point>
        <x>32.00</x>
        <y>0.00</y>
      </point>
      <point>
        <x>33.00</x>
        <y>0.00</y>
      </point>
      <point>
        <x>34.00</x>
        <y>0.00</y>
      </point>
      <point>
        <x>35.00</x>
        <y>0.00</y>
      </point>
      <point>
        <x>36.00</x>
        <y>0.00</y>
      </point>
      <point>
        <x>37.00</x>
        <y>0.00</y>
      </point>
      <point>
        <x>38.00</x>
        <y>0.00</y>
      </point>
      <point>
        <x>39.00</x>
        <y>0.00</y>
      </point>
      <point>
        <x>40.00</x>
        <y>0.00</y>
      </point>
      <point>
        <x>41.00</x>
        <y>0.00</y>
      </point>
      <point>
        <x>42.00</x>
        <y>0.00</y>
      </point>
      <point>
        <x>43.00</x>
        <y>0.00</y>
      </point>
      <point>
        <x>44.00</x>
        <y>0.00</y>
      </point>
      <point>
        <x>45.00</x>
        <y>0.00</y>
      </point>
      <point>
        <x>46.00</x>
        <y>0.00</y>
      </point>
      <point>
        <x>47.00</x>
        <y>0.00</y>
      </point>
      <point>
        <x>48.00</x>
        <y>0.00</y>
      </point>
      <point>
        <x>49.00</x>
        <y>0.00</y>
      </point>
      <point>
        <x>50.00</x>
        <y>0.00</y>
      </point>
      <point>
        <x>51.00</x>
        <y>0.00</y>
      </point>
      <point>
        <x>52.00</x>
        <y>0.00</y>
      </point>
      <point>
        <x>53.00</x>
        <y>0.00</y>
      </point>
      <point>
        <x>54.00</x>
        <y>0.00</y>
      </point>
      <point>
        <x>55.00</x>
        <y>0.00</y>
      </point>
      <point>
        <x>56.00</x>
        <y>0.00</y>
      </point>
      <point>
        <x>57.00</x>
        <y>0.00</y>
      </point>
      <point>
        <x>58.00</x>
        <y>0.00</y>
      </point>
      <point>
        <x>59.00</x>
        <y>0.00</y>
      </point>
      <point>
        <x>60.00</x>
        <y>0.00</y>
      </point>
      <point>
        <x>61.00</x>
        <y>0.00</y>
      </point>
      <point>
        <x>62.00</x>
        <y>0.00</y>
      </point>
      <point>
        <x>63.00</x>
        <y>0.00</y>
      </point>
      <point>
        <x>64.00</x>
        <y>0.00</y>
      </point>
      <point>
        <x>65.00</x>
        <y>0.00</y>
      </point>
      <point>
        <x>66.00</x>
        <y>0.00</y>
      </point>
      <point>
        <x>67.00</x>
        <y>0.00</y>
      </point>
      <point>
        <x>68.00</x>
        <y>0.00</y>
      </point>
      <point>
        <x>69.00</x>
        <y>0.00</y>
      </point>
      <point>
        <x>70.00</x>
        <y>0.00</y>
      </point>
      <point>
        <x>71.00</x>
        <y>0.00</y>
      </point>
      <point>
        <x>72.00</x>
        <y>0.00</y>
      </point>
      <point>
        <x>73.00</x>
        <y>0.00</y>
      </point>
      <point>
        <x>74.00</x>
        <y>0.00</y>
      </point>
      <point>
        <x>75.00</x>
        <y>0.00</y>
      </point>
      <point>
        <x>76.00</x>
        <y>0.00</y>
      </point>
      <point>
        <x>77.00</x>
        <y>0.00</y>
      </point>
      <point>
        <x>78.00</x>
        <y>0.00</y>
      </point>
      <point>
        <x>79.00</x>
        <y>0.00</y>
      </point>
      <point>
        <x>80.00</x>
        <y>0.00</y>
      </point>
      <point>
        <x>81.00</x>
        <y>0.00</y>
      </point>
      <point>
        <x>82.00</x>
        <y>0.00</y>
      </point>
      <point>
        <x>83.00</x>
        <y>0.00</y>
      </point>
      <point>
        <x>84.00</x>
        <y>0.00</y>
      </point>
      <point>
        <x>85.00</x>
        <y>0.00</y>
      </point>
      <point>
        <x>86.00</x>
        <y>0.00</y>
      </point>
      <point>
        <x>87.00</x>
        <y>0.00</y>
      </point>
      <point>
        <x>88.00</x>
        <y>0.00</y>
      </point>
      <point>
        <x>89.00</x>
        <y>0.00</y>
      </point>
      <point>
        <x>90.00</x>
        <y>0.00</y>
      </point>
      <point>
        <x>91.00</x>
        <y>0.00</y>
      </point>
      <point>
        <x>92.00</x>
        <y>0.00</y>
      </point>
      <point>
        <x>93.00</x>
        <y>0.00</y>
      </point>
      <point>
        <x>94.00</x>
        <y>0.00</y>
      </point>
      <point>
        <x>95.00</x>
        <y>0.00</y>
      </point>
      <point>
        <x>96.00</x>
        <y>0.00</y>
      </point>
      <point>
        <x>97.00</x>
        <y>0.00</y>
      </point>
      <point>
        <x>98.00</x>
        <y>0.00</y>
      </point>
      <point>
        <x>99.00</x>
        <y>0.00</y>
      </point>
      <point>
        <x>100.00</x>
        <y>0.00</y>
      </point>
      <point>
        <x>101.00</x>
        <y>0.00</y>
      </point>
      <point>
        <x>102.00</x>
        <y>0.00</y>
      </point>
      <point>
        <x>103.00</x>
        <y>0.00</y>
      </point>
      <point>
        <x>104.00</x>
        <y>0.00</y>
      </point>
      <point>
        <x>105.00</x>
        <y>0.00</y>
      </point>
      <point>
        <x>106.00</x>
        <y>0.00</y>
      </point>
      <point>
        <x>107.00</x>
        <y>0.00</y>
      </point>
      <point>
        <x>108.00</x>
        <y>0.00</y>
      </point>
      <point>
        <x>109.00</x>
        <y>0.00</y>
      </point>
      <point>
        <x>110.00</x>
        <y>0.00</y>
      </point>
      <point>
        <x>111.00</x>
        <y>0.00</y>
      </point>
      <point>
        <x>112.00</x>
        <y>0.00</y>
      </point>
      <point>
        <x>113.00</x>
        <y>0.00</y>
      </point>
      <point>
        <x>114.00</x>
        <y>0.00</y>
      </point>
      <point>
        <x>115.00</x>
        <y>0.00</y>
      </point>
      <point>
        <x>116.00</x>
        <y>0.00</y>
      </point>
      <point>
        <x>117.00</x>
        <y>0.00</y>
      </point>
      <point>
        <x>118.00</x>
        <y>0.00</y>
      </point>
      <point>
        <x>119.00</x>
        <y>0.00</y>
      </point>
      <point>
        <x>120.00</x>
        <y>0.00</y>
      </point>
      <point>
        <x>121.00</x>
        <y>0.00</y>
      </point>
      <point>
        <x>122.00</x>
        <y>0.00</y>
      </point>
      <point>
        <x>123.00</x>
        <y>0.00</y>
      </point>
      <point>
        <x>124.00</x>
        <y>0.00</y>
      </point>
      <point>
        <x>125.00</x>
        <y>0.00</y>
      </point>
      <point>
        <x>126.00</x>
        <y>0.00</y>
      </point>
      <point>
        <x>127.00</x>
        <y>0.00</y>
      </point>
      <point>
        <x>128.00</x>
        <y>0.00</y>
      </point>
      <point>
        <x>129.00</x>
        <y>0.00</y>
      </point>
      <point>
        <x>130.00</x>
        <y>0.00</y>
      </point>
      <point>
        <x>131.00</x>
        <y>0.00</y>
      </point>
      <point>
        <x>132.00</x>
        <y>0.00</y>
      </point>
      <point>
        <x>133.00</x>
        <y>0.00</y>
      </point>
      <point>
        <x>134.00</x>
        <y>0.00</y>
      </point>
      <point>
        <x>135.00</x>
        <y>0.00</y>
      </point>
      <point>
        <x>136.00</x>
        <y>0.00</y>
      </point>
      <point>
        <x>137.00</x>
        <y>0.00</y>
      </point>
      <point>
        <x>138.00</x>
        <y>0.00</y>
      </point>
      <point>
        <x>139.00</x>
        <y>0.00</y>
      </point>
      <point>
        <x>140.00</x>
        <y>0.00</y>
      </point>
      <point>
        <x>141.00</x>
        <y>0.00</y>
      </point>
      <point>
        <x>142.00</x>
        <y>0.00</y>
      </point>
      <point>
        <x>143.00</x>
        <y>0.00</y>
      </point>
      <point>
        <x>144.00</x>
        <y>0.00</y>
      </point>
      <point>
        <x>145.00</x>
        <y>0.00</y>
      </point>
      <point>
        <x>146.00</x>
        <y>0.00</y>
      </point>
      <point>
        <x>147.00</x>
        <y>0.00</y>
      </point>
      <point>
        <x>148.00</x>
        <y>0.00</y>
      </point>
      <point>
        <x>149.00</x>
        <y>0.00</y>
      </point>
      <point>
        <x>150.00</x>
        <y>0.00</y>
      </point>
      <point>
        <x>151.00</x>
        <y>0.00</y>
      </point>
      <point>
        <x>152.00</x>
        <y>0.00</y>
      </point>
      <point>
        <x>153.00</x>
        <y>0.00</y>
      </point>
      <point>
        <x>154.00</x>
        <y>0.00</y>
      </point>
      <point>
        <x>155.00</x>
        <y>0.00</y>
      </point>
      <point>
        <x>156.00</x>
        <y>0.00</y>
      </point>
      <point>
        <x>157.00</x>
        <y>0.00</y>
      </point>
      <point>
        <x>158.00</x>
        <y>0.00</y>
      </point>
      <point>
        <x>159.00</x>
        <y>0.00</y>
      </point>
      <point>
        <x>160.00</x>
        <y>0.00</y>
      </point>
      <point>
        <x>161.00</x>
        <y>0.00</y>
      </point>
      <point>
        <x>162.00</x>
        <y>0.00</y>
      </point>
      <point>
        <x>163.00</x>
        <y>0.00</y>
      </point>
      <point>
        <x>164.00</x>
        <y>0.00</y>
      </point>
      <point>
        <x>165.00</x>
        <y>0.00</y>
      </point>
      <point>
        <x>166.00</x>
        <y>0.00</y>
      </point>
      <point>
        <x>167.00</x>
        <y>0.00</y>
      </point>
      <point>
        <x>168.00</x>
        <y>0.00</y>
      </point>
      <point>
        <x>169.00</x>
        <y>0.00</y>
      </point>
      <point>
        <x>170.00</x>
        <y>0.00</y>
      </point>
      <point>
        <x>171.00</x>
        <y>0.00</y>
      </point>
      <point>
        <x>172.00</x>
        <y>0.00</y>
      </point>
      <point>
        <x>173.00</x>
        <y>0.00</y>
      </point>
      <point>
        <x>174.00</x>
        <y>0.00</y>
      </point>
      <point>
        <x>175.00</x>
        <y>0.00</y>
      </point>
      <point>
        <x>176.00</x>
        <y>0.00</y>
      </point>
      <point>
        <x>177.00</x>
        <y>0.00</y>
      </point>
      <point>
        <x>178.00</x>
        <y>0.00</y>
      </point>
      <point>
        <x>179.00</x>
        <y>0.00</y>
      </point>
      <point>
        <x>180.00</x>
        <y>0.00</y>
      </point>
      <point>
        <x>181.00</x>
        <y>0.00</y>
      </point>
      <point>
        <x>182.00</x>
        <y>0.00</y>
      </point>
      <point>
        <x>183.00</x>
        <y>0.00</y>
      </point>
      <point>
        <x>184.00</x>
        <y>0.00</y>
      </point>
      <point>
        <x>185.00</x>
        <y>0.00</y>
      </point>
      <point>
        <x>186.00</x>
        <y>0.00</y>
      </point>
      <point>
        <x>187.00</x>
        <y>0.00</y>
      </point>
      <point>
        <x>188.00</x>
        <y>0.00</y>
      </point>
      <point>
        <x>189.00</x>
        <y>0.00</y>
      </point>
      <point>
        <x>190.00</x>
        <y>0.00</y>
      </point>
      <point>
        <x>191.00</x>
        <y>0.00</y>
      </point>
      <point>
        <x>192.00</x>
        <y>0.00</y>
      </point>
      <point>
        <x>193.00</x>
        <y>0.00</y>
      </point>
      <point>
        <x>194.00</x>
        <y>0.00</y>
      </point>
      <point>
        <x>195.00</x>
        <y>0.00</y>
      </point>
      <point>
        <x>196.00</x>
        <y>0.00</y>
      </point>
      <point>
        <x>197.00</x>
        <y>0.00</y>
      </point>
      <point>
        <x>198.00</x>
        <y>0.00</y>
      </point>
      <point>
        <x>199.00</x>
        <y>0.00</y>
      </point>
    </leftBound>
    <rightBound>
      <point>
        <x>-10.00</x>
        <y>-10.00</y>
      </point>
      <point>
        <x>-9.00</x>
        <y>-10.00</y>
      </point>
      <point>
        <x>-8.00</x>
        <y>-10.00</y>
      </point>
      <point>
        <x>-7.00</x>
        <y>-10.00</y>
      </point>
      <point>
        <x>-6.00</x>
        <y>-10.00</y>
      </point>
      <point>
        <x>-5.00</x>
        <y>-10.00</y>
      </point>
      <point>
        <x>-4.00</x>
        <y>-10.00</y>
      </point>
      <point>
        <x>-3.00</x>
        <y>-10.00</y>
      </point>
      <point>
        <x>-2.00</x>
        <y>-10.00</y>
      </point>
      <point>
        <x>-1.00</x>
        <y>-10.00</y>
      </point>
      <point>
        <x>0.00</x>
        <y>-10.00</y>
      </point>
      <point>
        <x>1.00</x>
        <y>-10.00</y>
      </point>
      <point>
        <x>2.00</x>
        <y>-10.00</y>
      </point>
      <point>
        <x>3.00</x>
        <y>-10.00</y>
      </point>
      <point>
        <x>4.00</x>
        <y>-10.00</y>
      </point>
      <point>
        <x>5.00</x>
        <y>-10.00</y>
      </point>
      <point>
        <x>6.00</x>
        <y>-10.00</y>
      </point>
      <point>
        <x>7.00</x>
        <y>-10.00</y>
      </point>
      <point>
        <x>8.00</x>
        <y>-10.00</y>
      </point>
      <point>
        <x>9.00</x>
        <y>-10.00</y>
      </point>
      <point>
        <x>10.00</x>
        <y>-10.00</y>
      </point>
      <point>
        <x>11.00</x>
        <y>-10.00</y>
      </point>
      <point>
        <x>12.00</x>
        <y>-10.00</y>
      </point>
      <point>
        <x>13.00</x>
        <y>-10.00</y>
      </point>
      <point>
        <x>14.00</x>
        <y>-10.00</y>
      </point>
      <point>
        <x>15.00</x>
        <y>-10.00</y>
      </point>
      <point>
        <x>16.00</x>
        <y>-10.00</y>
      </point>
      <point>
        <x>17.00</x>
        <y>-10.00</y>
      </point>
      <point>
        <x>18.00</x>
        <y>-10.00</y>
      </point>
      <point>
        <x>19.00</x>
        <y>-10.00</y>
      </point>
      <point>
        <x>20.00</x>
        <y>-10.00</y>
      </point>
      <point>
        <x>21.00</x>
        <y>-10.00</y>
      </point>
      <point>
        <x>22.00</x>
        <y>-10.00</y>
      </point>
      <point>
        <x>23.00</x>
        <y>-10.00</y>
      </point>
      <point>
        <x>24.00</x>
        <y>-10.00</y>
      </point>
      <point>
        <x>25.00</x>
        <y>-10.00</y>
      </point>
      <point>
        <x>26.00</x>
        <y>-10.00</y>
      </point>
      <point>
        <x>27.00</x>
        <y>-10.00</y>
      </point>
      <point>
        <x>28.00</x>
        <y>-10.00</y>
      </point>
      <point>
        <x>29.00</x>
        <y>-10.00</y>
      </point>
      <point>
        <x>30.00</x>
        <y>-10.00</y>
      </point>
      <point>
        <x>31.00</x>
        <y>-10.00</y>
      </point>
      <point>
        <x>32.00</x>
        <y>-10.00</y>
      </point>
      <point>
        <x>33.00</x>
        <y>-10.00</y>
      </point>
      <point>
        <x>34.00</x>
        <y>-10.00</y>
      </point>
      <point>
        <x>35.00</x>
        <y>-10.00</y>
      </point>
      <point>
        <x>36.00</x>
        <y>-10.00</y>
      </point>
      <point>
        <x>37.00</x>
        <y>-10.00</y>
      </point>
      <point>
        <x>38.00</x>
        <y>-10.00</y>
      </point>
      <point>
        <x>39.00</x>
        <y>-10.00</y>
      </point>
      <point>
        <x>40.00</x>
        <y>-10.00</y>
      </point>
      <point>
        <x>41.00</x>
        <y>-10.00</y>
      </point>
      <point>
        <x>42.00</x>
        <y>-10.00</y>
      </point>
      <point>
        <x>43.00</x>
        <y>-10.00</y>
      </point>
      <point>
        <x>44.00</x>
        <y>-10.00</y>
      </point>
      <point>
        <x>45.00</x>
        <y>-10.00</y>
      </point>
      <point>
        <x>46.00</x>
        <y>-10.00</y>
      </point>
      <point>
        <x>47.00</x>
        <y>-10.00</y>
      </point>
      <point>
        <x>48.00</x>
        <y>-10.00</y>
      </point>
      <point>
        <x>49.00</x>
        <y>-10.00</y>
      </point>
      <point>
        <x>50.00</x>
        <y>-10.00</y>
      </point>
      <point>
        <x>51.00</x>
        <y>-10.00</y>
      </point>
      <point>
        <x>52.00</x>
        <y>-10.00</y>
      </point>
      <point>
        <x>53.00</x>
        <y>-10.00</y>
      </point>
      <point>
        <x>54.00</x>
        <y>-10.00</y>
      </point>
      <point>
        <x>55.00</x>
        <y>-10.00</y>
      </point>
      <point>
        <x>56.00</x>
        <y>-10.00</y>
      </point>
      <point>
        <x>57.00</x>
        <y>-10.00</y>
      </point>
      <point>
        <x>58.00</x>
        <y>-10.00</y>
      </point>
      <point>
        <x>59.00</x>
        <y>-10.00</y>
      </point>
      <point>
        <x>60.00</x>
        <y>-10.00</y>
      </point>
      <point>
        <x>61.00</x>
        <y>-10.00</y>
      </point>
      <point>
        <x>62.00</x>
        <y>-10.00</y>
      </point>
      <point>
        <x>63.00</x>
        <y>-10.00</y>
      </point>
      <point>
        <x>64.00</x>
        <y>-10.00</y>
      </point>
      <point>
        <x>65.00</x>
        <y>-10.00</y>
      </point>
      <point>
        <x>66.00</x>
        <y>-10.00</y>
      </point>
      <point>
        <x>67.00</x>
        <y>-10.00</y>
      </point>
      <point>
        <x>68.00</x>
        <y>-10.00</y>
      </point>
      <point>
        <x>69.00</x>
        <y>-10.00</y>
      </point>
      <point>
        <x>70.00</x>
        <y>-10.00</y>
      </point>
      <point>
        <x>71.00</x>
        <y>-10.00</y>
      </point>
      <point>
        <x>72.00</x>
        <y>-10.00</y>
      </point>
      <point>
        <x>73.00</x>
        <y>-10.00</y>
      </point>
      <point>
        <x>74.00</x>
        <y>-10.00</y>
      </point>
      <point>
        <x>75.00</x>
        <y>-10.00</y>
      </point>
      <point>
        <x>76.00</x>
        <y>-10.00</y>
      </point>
      <point>
        <x>77.00</x>
        <y>-10.00</y>
      </point>
      <point>
        <x>78.00</x>
        <y>-10.00</y>
      </point>
      <point>
        <x>79.00</x>
        <y>-10.00</y>
      </point>
      <point>
        <x>80.00</x>
        <y>-10.00</y>
      </point>
      <point>
        <x>81.00</x>
        <y>-10.00</y>
      </point>
      <point>
        <x>82.00</x>
        <y>-10.00</y>
      </point>
      <point>
        <x>83.00</x>
        <y>-10.00</y>
      </point>
      <point>
        <x>84.00</x>
        <y>-10.00</y>
      </point>
      <point>
        <x>85.00</x>
        <y>-10.00</y>
      </point>
      <point>
        <x>86.00</x>
        <y>-10.00</y>
      </point>
      <point>
        <x>87.00</x>
        <y>-10.00</y>
      </point>
      <point>
        <x>88.00</x>
        <y>-10.00</y>
      </point>
      <point>
        <x>89.00</x>
        <y>-10.00</y>
      </point>
      <point>
        <x>90.00</x>
        <y>-10.00</y>
      </point>
      <point>
        <x>91.00</x>
        <y>-10.00</y>
      </point>
      <point>
        <x>92.00</x>
        <y>-10.00</y>
      </point>
      <point>
        <x>93.00</x>
        <y>-10.00</y>
      </point>
      <point>
        <x>94.00</x>
        <y>-10.00</y>
      </point>
      <point>
        <x>95.00</x>
        <y>-10.00</y>
      </point>
      <point>
        <x>96.00</x>
        <y>-10.00</y>
      </point>
      <point>
        <x>97.00</x>
        <y>-10.00</y>
      </point>
      <point>
        <x>98.00</x>
        <y>-10.00</y>
      </point>
      <point>
        <x>99.00</x>
        <y>-10.00</y>
      </point>
      <point>
        <x>100.00</x>
        <y>-10.00</y>
      </point>
      <point>
        <x>101.00</x>
        <y>-10.00</y>
      </point>
      <point>
        <x>102.00</x>
        <y>-10.00</y>
      </point>
      <point>
        <x>103.00</x>
        <y>-10.00</y>
      </point>
      <point>
        <x>104.00</x>
        <y>-10.00</y>
      </point>
      <point>
        <x>105.00</x>
        <y>-10.00</y>
      </point>
      <point>
        <x>106.00</x>
        <y>-10.00</y>
      </point>
      <point>
        <x>107.00</x>
        <y>-10.00</y>
      </point>
      <point>
        <x>108.00</x>
        <y>-10.00</y>
      </point>
      <point>
        <x>109.00</x>
        <y>-10.00</y>
      </point>
      <point>
        <x>110.00</x>
        <y>-10.00</y>
      </point>
      <point>
        <x>111.00</x>
        <y>-10.00</y>
      </point>
      <point>
        <x>112.00</x>
        <y>-10.00</y>
      </point>
      <point>
        <x>113.00</x>
        <y>-10.00</y>
      </point>
      <point>
        <x>114.00</x>
        <y>-10.00</y>
      </point>
      <point>
        <x>115.00</x>
        <y>-10.00</y>
      </point>
      <point>
        <x>116.00</x>
        <y>-10.00</y>
      </point>
      <point>
        <x>117.00</x>
        <y>-10.00</y>
      </point>
      <point>
        <x>118.00</x>
        <y>-10.00</y>
      </point>
      <point>
        <x>119.00</x>
        <y>-10.00</y>
      </point>
      <point>
        <x>120.00</x>
        <y>-10.00</y>
      </point>
      <point>
        <x>121.00</x>
        <y>-10.00</y>
      </point>
      <point>
        <x>122.00</x>
        <y>-10.00</y>
      </point>
      <point>
        <x>123.00</x>
        <y>-10.00</y>
      </point>
      <point>
        <x>124.00</x>
        <y>-10.00</y>
      </point>
      <point>
        <x>125.00</x>
        <y>-10.00</y>
      </point>
      <point>
        <x>126.00</x>
        <y>-10.00</y>
      </point>
      <point>
        <x>127.00</x>
        <y>-10.00</y>
      </point>
      <point>
        <x>128.00</x>
        <y>-10.00</y>
      </point>
      <point>
        <x>129.00</x>
        <y>-10.00</y>
      </point>
      <point>
        <x>130.00</x>
        <y>-10.00</y>
      </point>
      <point>
        <x>131.00</x>
        <y>-10.00</y>
      </point>
      <point>
        <x>132.00</x>
        <y>-10.00</y>
      </point>
      <point>
        <x>133.00</x>
        <y>-10.00</y>
      </point>
      <point>
        <x>134.00</x>
        <y>-10.00</y>
      </point>
      <point>
        <x>135.00</x>
        <y>-10.00</y>
      </point>
      <point>
        <x>136.00</x>
        <y>-10.00</y>
      </point>
      <point>
        <x>137.00</x>
        <y>-10.00</y>
      </point>
      <point>
        <x>138.00</x>
        <y>-10.00</y>
      </point>
      <point>
        <x>139.00</x>
        <y>-10.00</y>
      </point>
      <point>
        <x>140.00</x>
        <y>-10.00</y>
      </point>
      <point>
        <x>141.00</x>
        <y>-10.00</y>
      </point>
      <point>
        <x>142.00</x>
        <y>-10.00</y>
      </point>
      <point>
        <x>143.00</x>
        <y>-10.00</y>
      </point>
      <point>
        <x>144.00</x>
        <y>-10.00</y>
      </point>
      <point>
        <x>145.00</x>
        <y>-10.00</y>
      </point>
      <point>
        <x>146.00</x>
        <y>-10.00</y>
      </point>
      <point>
        <x>147.00</x>
        <y>-10.00</y>
      </point>
      <point>
        <x>148.00</x>
        <y>-10.00</y>
      </point>
      <point>
        <x>149.00</x>
        <y>-10.00</y>
      </point>
      <point>
        <x>150.00</x>
        <y>-10.00</y>
      </point>
      <point>
        <x>151.00</x>
        <y>-10.00</y>
      </point>
      <point>
        <x>152.00</x>
        <y>-10.00</y>
      </point>
      <point>
        <x>153.00</x>
        <y>-10.00</y>
      </point>
      <point>
        <x>154.00</x>
        <y>-10.00</y>
      </point>
      <point>
        <x>155.00</x>
        <y>-10.00</y>
      </point>
      <point>
        <x>156.00</x>
        <y>-10.00</y>
      </point>
      <point>
        <x>157.00</x>
        <y>-10.00</y>
      </point>
      <point>
        <x>158.00</x>
        <y>-10.00</y>
      </point>
      <point>
        <x>159.00</x>
        <y>-10.00</y>
      </point>
      <point>
        <x>160.00</x>
        <y>-10.00</y>
      </point>
      <point>
        <x>161.00</x>
        <y>-10.00</y>
      </point>
      <point>
        <x>162.00</x>
        <y>-10.00</y>
      </point>
      <point>
        <x>163.00</x>
        <y>-10.00</y>
      </point>
      <point>
        <x>164.00</x>
        <y>-10.00</y>
      </point>
      <point>
        <x>165.00</x>
        <y>-10.00</y>
      </point>
      <point>
        <x>166.00</x>
        <y>-10.00</y>
      </point>
      <point>
        <x>167.00</x>
        <y>-10.00</y>
      </point>
      <point>
        <x>168.00</x>
        <y>-10.00</y>
      </point>
      <point>
        <x>169.00</x>
        <y>-10.00</y>
      </point>
      <point>
        <x>170.00</x>
        <y>-10.00</y>
      </point>
      <point>
        <x>171.00</x>
        <y>-10.00</y>
      </point>
      <point>
        <x>172.00</x>
        <y>-10.00</y>
      </point>
      <point>
        <x>173.00</x>
        <y>-10.00</y>
      </point>
      <point>
        <x>174.00</x>
        <y>-10.00</y>
      </point>
      <point>
        <x>175.00</x>
        <y>-10.00</y>
      </point>
      <point>
        <x>176.00</x>
        <y>-10.00</y>
      </point>
      <point>
        <x>177.00</x>
        <y>-10.00</y>
      </point>
      <point>
        <x>178.00</x>
        <y>-10.00</y>
      </point>
      <point>
        <x>179.00</x>
        <y>-10.00</y>
      </point>
      <point>
        <x>180.00</x>
        <y>-10.00</y>
      </point>
      <point>
        <x>181.00</x>
        <y>-10.00</y>
      </point>
      <point>
        <x>182.00</x>
        <y>-10.00</y>
      </point>
      <point>
        <x>183.00</x>
        <y>-10.00</y>
      </point>
      <point>
        <x>184.00</x>
        <y>-10.00</y>
      </point>
      <point>
        <x>185.00</x>
        <y>-10.00</y>
      </point>
      <point>
        <x>186.00</x>
        <y>-10.00</y>
      </point>
      <point>
        <x>187.00</x>
        <y>-10.00</y>
      </point>
      <point>
        <x>188.00</x>
        <y>-10.00</y>
      </point>
      <point>
        <x>189.00</x>
        <y>-10.00</y>
      </point>
      <point>
        <x>190.00</x>
        <y>-10.00</y>
      </point>
      <point>
        <x>191.00</x>
        <y>-10.00</y>
      </point>
      <point>
        <x>192.00</x>
        <y>-10.00</y>
      </point>
      <point>
        <x>193.00</x>
        <y>-10.00</y>
      </point>
      <point>
        <x>194.00</x>
        <y>-10.00</y>
      </point>
      <point>
        <x>195.00</x>
        <y>-10.00</y>
      </point>
      <point>
        <x>196.00</x>
        <y>-10.00</y>
      </point>
      <point>
        <x>197.00</x>
        <y>-10.00</y>
      </point>
      <point>
        <x>198.00</x>
        <y>-10.00</y>
      </point>
      <point>
        <x>199.00</x>
        <y>-10.00</y>
      </point>
    </rightBound>
    <adjacentLeft drivingDir="same" ref="2"/>
  </lanelet>
  <lanelet id="2">
    <leftBound>
      <point>
        <x>-10.00</x>
        <y>10.00</y>
      </point>
      <point>
        <x>-9.00</x>
        <y>10.00</y>
      </point>
      <point>
        <x>-8.00</x>
        <y>10.00</y>
      </point>
      <point>
        <x>-7.00</x>
        <y>10.00</y>
      </point>
      <point>
        <x>-6.00</x>
        <y>10.00</y>
      </point>
      <point>
        <x>-5.00</x>
        <y>10.00</y>
      </point>
      <point>
        <x>-4.00</x>
        <y>10.00</y>
      </point>
      <point>
        <x>-3.00</x>
        <y>10.00</y>
      </point>
      <point>
        <x>-2.00</x>
        <y>10.00</y>
      </point>
      <point>
        <x>-1.00</x>
        <y>10.00</y>
      </point>
      <point>
        <x>0.00</x>
        <y>10.00</y>
      </point>
      <point>
        <x>1.00</x>
        <y>10.00</y>
      </point>
      <point>
        <x>2.00</x>
        <y>10.00</y>
      </point>
      <point>
        <x>3.00</x>
        <y>10.00</y>
      </point>
      <point>
        <x>4.00</x>
        <y>10.00</y>
      </point>
      <point>
        <x>5.00</x>
        <y>10.00</y>
      </point>
      <point>
        <x>6.00</x>
        <y>10.00</y>
      </point>
      <point>
        <x>7.00</x>
        <y>10.00</y>
      </point>
      <point>
        <x>8.00</x>
        <y>10.00</y>
      </point>
      <point>
        <x>9.00</x>
        <y>10.00</y>
      </point>
      <point>
        <x>10.00</x>
        <y>10.00</y>
      </point>
      <point>
        <x>11.00</x>
        <y>10.00</y>
      </point>
      <point>
        <x>12.00</x>
        <y>10.00</y>
      </point>
      <point>
        <x>13.00</x>
        <y>10.00</y>
      </point>
      <point>
        <x>14.00</x>
        <y>10.00</y>
      </point>
      <point>
        <x>15.00</x>
        <y>10.00</y>
      </point>
      <point>
        <x>16.00</x>
        <y>10.00</y>
      </point>
      <point>
        <x>17.00</x>
        <y>10.00</y>
      </point>
      <point>
        <x>18.00</x>
        <y>10.00</y>
      </point>
      <point>
        <x>19.00</x>
        <y>10.00</y>
      </point>
      <point>
        <x>20.00</x>
        <y>10.00</y>
      </point>
      <point>
        <x>21.00</x>
        <y>10.00</y>
      </point>
      <point>
        <x>22.00</x>
        <y>10.00</y>
      </point>
      <point>
        <x>23.00</x>
        <y>10.00</y>
      </point>
      <point>
        <x>24.00</x>
        <y>10.00</y>
      </point>
      <point>
        <x>25.00</x>
        <y>10.00</y>
      </point>
      <point>
        <x>26.00</x>
        <y>10.00</y>
      </point>
      <point>
        <x>27.00</x>
        <y>10.00</y>
      </point>
      <point>
        <x>28.00</x>
        <y>10.00</y>
      </point>
      <point>
        <x>29.00</x>
        <y>10.00</y>
      </point>
      <point>
        <x>30.00</x>
        <y>10.00</y>
      </point>
      <point>
        <x>31.00</x>
        <y>10.00</y>
      </point>
      <point>
        <x>32.00</x>
        <y>10.00</y>
      </point>
      <point>
        <x>33.00</x>
        <y>10.00</y>
      </point>
      <point>
        <x>34.00</x>
        <y>10.00</y>
      </point>
      <point>
        <x>35.00</x>
        <y>10.00</y>
      </point>
      <point>
        <x>36.00</x>
        <y>10.00</y>
      </point>
      <point>
        <x>37.00</x>
        <y>10.00</y>
      </point>
      <point>
        <x>38.00</x>
        <y>10.00</y>
      </point>
      <point>
        <x>39.00</x>
        <y>10.00</y>
      </point>
      <point>
        <x>40.00</x>
        <y>10.00</y>
      </point>
      <point>
        <x>41.00</x>
        <y>10.00</y>
      </point>
      <point>
        <x>42.00</x>
        <y>10.00</y>
      </point>
      <point>
        <x>43.00</x>
        <y>10.00</y>
      </point>
      <point>
        <x>44.00</x>
        <y>10.00</y>
      </point>
      <point>
        <x>45.00</x>
        <y>10.00</y>
      </point>
      <point>
        <x>46.00</x>
        <y>10.00</y>
      </point>
      <point>
        <x>47.00</x>
        <y>10.00</y>
      </point>
      <point>
        <x>48.00</x>
        <y>10.00</y>
      </point>
      <point>
        <x>49.00</x>
        <y>10.00</y>
      </point>
      <point>
        <x>50.00</x>
        <y>10.00</y>
      </point>
      <point>
        <x>51.00</x>
        <y>10.00</y>
      </point>
      <point>
        <x>52.00</x>
        <y>10.00</y>
      </point>
      <point>
        <x>53.00</x>
        <y>10.00</y>
      </point>
      <point>
        <x>54.00</x>
        <y>10.00</y>
      </point>
      <point>
        <x>55.00</x>
        <y>10.00</y>
      </point>
      <point>
        <x>56.00</x>
        <y>10.00</y>
      </point>
      <point>
        <x>57.00</x>
        <y>10.00</y>
      </point>
      <point>
        <x>58.00</x>
        <y>10.00</y>
      </point>
      <point>
        <x>59.00</x>
        <y>10.00</y>
      </point>
      <point>
        <x>60.00</x>
        <y>10.00</y>
      </point>
      <point>
        <x>61.00</x>
        <y>10.00</y>
      </point>
      <point>
        <x>62.00</x>
        <y>10.00</y>
      </point>
      <point>
        <x>63.00</x>
        <y>10.00</y>
      </point>
      <point>
        <x>64.00</x>
        <y>10.00</y>
      </point>
      <point>
        <x>65.00</x>
        <y>10.00</y>
      </point>
      <point>
        <x>66.00</x>
        <y>10.00</y>
      </point>
      <point>
        <x>67.00</x>
        <y>10.00</y>
      </point>
      <point>
        <x>68.00</x>
        <y>10.00</y>
      </point>
      <point>
        <x>69.00</x>
        <y>10.00</y>
      </point>
      <point>
        <x>70.00</x>
        <y>10.00</y>
      </point>
      <point>
        <x>71.00</x>
        <y>10.00</y>
      </point>
      <point>
        <x>72.00</x>
        <y>10.00</y>
      </point>
      <point>
        <x>73.00</x>
        <y>10.00</y>
      </point>
      <point>
        <x>74.00</x>
        <y>10.00</y>
      </point>
      <point>
        <x>75.00</x>
        <y>10.00</y>
      </point>
      <point>
        <x>76.00</x>
        <y>10.00</y>
      </point>
      <point>
        <x>77.00</x>
        <y>10.00</y>
      </point>
      <point>
        <x>78.00</x>
        <y>10.00</y>
      </point>
      <point>
        <x>79.00</x>
        <y>10.00</y>
      </point>
      <point>
        <x>80.00</x>
        <y>10.00</y>
      </point>
      <point>
        <x>81.00</x>
        <y>10.00</y>
      </point>
      <point>
        <x>82.00</x>
        <y>10.00</y>
      </point>
      <point>
        <x>83.00</x>
        <y>10.00</y>
      </point>
      <point>
        <x>84.00</x>
        <y>10.00</y>
      </point>
      <point>
        <x>85.00</x>
        <y>10.00</y>
      </point>
      <point>
        <x>86.00</x>
        <y>10.00</y>
      </point>
      <point>
        <x>87.00</x>
        <y>10.00</y>
      </point>
      <point>
        <x>88.00</x>
        <y>10.00</y>
      </point>
      <point>
        <x>89.00</x>
        <y>10.00</y>
      </point>
      <point>
        <x>90.00</x>
        <y>10.00</y>
      </point>
      <point>
        <x>91.00</x>
        <y>10.00</y>
      </point>
      <point>
        <x>92.00</x>
        <y>10.00</y>
      </point>
      <point>
        <x>93.00</x>
        <y>10.00</y>
      </point>
      <point>
        <x>94.00</x>
        <y>10.00</y>
      </point>
      <point>
        <x>95.00</x>
        <y>10.00</y>
      </point>
      <point>
        <x>96.00</x>
        <y>10.00</y>
      </point>
      <point>
        <x>97.00</x>
        <y>10.00</y>
      </point>
      <point>
        <x>98.00</x>
        <y>10.00</y>
      </point>
      <point>
        <x>99.00</x>
        <y>10.00</y>
      </point>
      <point>
        <x>100.00</x>
        <y>10.00</y>
      </point>
      <point>
        <x>101.00</x>
        <y>10.00</y>
      </point>
      <point>
        <x>102.00</x>
        <y>10.00</y>
      </point>
      <point>
        <x>103.00</x>
        <y>10.00</y>
      </point>
      <point>
        <x>104.00</x>
        <y>10.00</y>
      </point>
      <point>
        <x>105.00</x>
        <y>10.00</y>
      </point>
      <point>
        <x>106.00</x>
        <y>10.00</y>
      </point>
      <point>
        <x>107.00</x>
        <y>10.00</y>
      </point>
      <point>
        <x>108.00</x>
        <y>10.00</y>
      </point>
      <point>
        <x>109.00</x>
        <y>10.00</y>
      </point>
      <point>
        <x>110.00</x>
        <y>10.00</y>
      </point>
      <point>
        <x>111.00</x>
        <y>10.00</y>
      </point>
      <point>
        <x>112.00</x>
        <y>10.00</y>
      </point>
      <point>
        <x>113.00</x>
        <y>10.00</y>
      </point>
      <point>
        <x>114.00</x>
        <y>10.00</y>
      </point>
      <point>
        <x>115.00</x>
        <y>10.00</y>
      </point>
      <point>
        <x>116.00</x>
        <y>10.00</y>
      </point>
      <point>
        <x>117.00</x>
        <y>10.00</y>
      </point>
      <point>
        <x>118.00</x>
        <y>10.00</y>
      </point>
      <point>
        <x>119.00</x>
        <y>10.00</y>
      </point>
      <point>
        <x>120.00</x>
        <y>10.00</y>
      </point>
      <point>
        <x>121.00</x>
        <y>10.00</y>
      </point>
      <point>
        <x>122.00</x>
        <y>10.00</y>
      </point>
      <point>
        <x>123.00</x>
        <y>10.00</y>
      </point>
      <point>
        <x>124.00</x>
        <y>10.00</y>
      </point>
      <point>
        <x>125.00</x>
        <y>10.00</y>
      </point>
      <point>
        <x>126.00</x>
        <y>10.00</y>
      </point>
      <point>
        <x>127.00</x>
        <y>10.00</y>
      </point>
      <point>
        <x>128.00</x>
        <y>10.00</y>
      </point>
      <point>
        <x>129.00</x>
        <y>10.00</y>
      </point>
      <point>
        <x>130.00</x>
        <y>10.00</y>
      </point>
      <point>
        <x>131.00</x>
        <y>10.00</y>
      </point>
      <point>
        <x>132.00</x>
        <y>10.00</y>
      </point>
      <point>
        <x>133.00</x>
        <y>10.00</y>
      </point>
      <point>
        <x>134.00</x>
        <y>10.00</y>
      </point>
      <point>
        <x>135.00</x>
        <y>10.00</y>
      </point>
      <point>
        <x>136.00</x>
        <y>10.00</y>
      </point>
      <point>
        <x>137.00</x>
        <y>10.00</y>
      </point>
      <point>
        <x>138.00</x>
        <y>10.00</y>
      </point>
      <point>
        <x>139.00</x>
        <y>10.00</y>
      </point>
      <point>
        <x>140.00</x>
        <y>10.00</y>
      </point>
      <point>
        <x>141.00</x>
        <y>10.00</y>
      </point>
      <point>
        <x>142.00</x>
        <y>10.00</y>
      </point>
      <point>
        <x>143.00</x>
        <y>10.00</y>
      </point>
      <point>
        <x>144.00</x>
        <y>10.00</y>
      </point>
      <point>
        <x>145.00</x>
        <y>10.00</y>
      </point>
      <point>
        <x>146.00</x>
        <y>10.00</y>
      </point>
      <point>
        <x>147.00</x>
        <y>10.00</y>
      </point>
      <point>
        <x>148.00</x>
        <y>10.00</y>
      </point>
      <point>
        <x>149.00</x>
        <y>10.00</y>
      </point>
      <point>
        <x>150.00</x>
        <y>10.00</y>
      </point>
      <point>
        <x>151.00</x>
        <y>10.00</y>
      </point>
      <point>
        <x>152.00</x>
        <y>10.00</y>
      </point>
      <point>
        <x>153.00</x>
        <y>10.00</y>
      </point>
      <point>
        <x>154.00</x>
        <y>10.00</y>
      </point>
      <point>
        <x>155.00</x>
        <y>10.00</y>
      </point>
      <point>
        <x>156.00</x>
        <y>10.00</y>
      </point>
      <point>
        <x>157.00</x>
        <y>10.00</y>
      </point>
      <point>
        <x>158.00</x>
        <y>10.00</y>
      </point>
      <point>
        <x>159.00</x>
        <y>10.00</y>
      </point>
      <point>
        <x>160.00</x>
        <y>10.00</y>
      </point>
      <point>
        <x>161.00</x>
        <y>10.00</y>
      </point>
      <point>
        <x>162.00</x>
        <y>10.00</y>
      </point>
      <point>
        <x>163.00</x>
        <y>10.00</y>
      </point>
      <point>
        <x>164.00</x>
        <y>10.00</y>
      </point>
      <point>
        <x>165.00</x>
        <y>10.00</y>
      </point>
      <point>
        <x>166.00</x>
        <y>10.00</y>
      </point>
      <point>
        <x>167.00</x>
        <y>10.00</y>
      </point>
      <point>
        <x>168.00</x>
        <y>10.00</y>
      </point>
      <point>
        <x>169.00</x>
        <y>10.00</y>
      </point>
      <point>
        <x>170.00</x>
        <y>10.00</y>
      </point>
      <point>
        <x>171.00</x>
        <y>10.00</y>
      </point>
      <point>
        <x>172.00</x>
        <y>10.00</y>
      </point>
      <point>
        <x>173.00</x>
        <y>10.00</y>
      </point>
      <point>
        <x>174.00</x>
        <y>10.00</y>
      </point>
      <point>
        <x>175.00</x>
        <y>10.00</y>
      </point>
      <point>
        <x>176.00</x>
        <y>10.00</y>
      </point>
      <point>
        <x>177.00</x>
        <y>10.00</y>
      </point>
      <point>
        <x>178.00</x>
        <y>10.00</y>
      </point>
      <point>
        <x>179.00</x>
        <y>10.00</y>
      </point>
      <point>
        <x>180.00</x>
        <y>10.00</y>
      </point>
      <point>
        <x>181.00</x>
        <y>10.00</y>
      </point>
      <point>
        <x>182.00</x>
        <y>10.00</y>
      </point>
      <point>
        <x>183.00</x>
        <y>10.00</y>
      </point>
      <point>
        <x>184.00</x>
        <y>10.00</y>
      </point>
      <point>
        <x>185.00</x>
        <y>10.00</y>
      </point>
      <point>
        <x>186.00</x>
        <y>10.00</y>
      </point>
      <point>
        <x>187.00</x>
        <y>10.00</y>
      </point>
      <point>
        <x>188.00</x>
        <y>10.00</y>
      </point>
      <point>
        <x>189.00</x>
        <y>10.00</y>
      </point>
      <point>
        <x>190.00</x>
        <y>10.00</y>
      </point>
      <point>
        <x>191.00</x>
        <y>10.00</y>
      </point>
      <point>
        <x>192.00</x>
        <y>10.00</y>
      </point>
      <point>
        <x>193.00</x>
        <y>10.00</y>
      </point>
      <point>
        <x>194.00</x>
        <y>10.00</y>
      </point>
      <point>
        <x>195.00</x>
        <y>10.00</y>
      </point>
      <point>
        <x>196.00</x>
        <y>10.00</y>
      </point>
      <point>
        <x>197.00</x>
        <y>10.00</y>
      </point>
      <point>
        <x>198.00</x>
        <y>10.00</y>
      </point>
      <point>
        <x>199.00</x>
        <y>10.00</y>
      </point>
    </leftBound>
    <rightBound>
      <point>
        <x>-10.00</x>
        <y>0.00</y>
      </point>
      <point>
        <x>-9.00</x>
        <y>0.00</y>
      </point>
      <point>
        <x>-8.00</x>
        <y>0.00</y>
      </point>
      <point>
        <x>-7.00</x>
        <y>0.00</y>
      </point>
      <point>
        <x>-6.00</x>
        <y>0.00</y>
      </point>
      <point>
        <x>-5.00</x>
        <y>0.00</y>
      </point>
      <point>
        <x>-4.00</x>
        <y>0.00</y>
      </point>
      <point>
        <x>-3.00</x>
        <y>0.00</y>
      </point>
      <point>
        <x>-2.00</x>
        <y>0.00</y>
      </point>
      <point>
        <x>-1.00</x>
        <y>0.00</y>
      </point>
      <point>
        <x>0.00</x>
        <y>0.00</y>
      </point>
      <point>
        <x>1.00</x>
        <y>0.00</y>
      </point>
      <point>
        <x>2.00</x>
        <y>0.00</y>
      </point>
      <point>
        <x>3.00</x>
        <y>0.00</y>
      </point>
      <point>
        <x>4.00</x>
        <y>0.00</y>
      </point>
      <point>
        <x>5.00</x>
        <y>0.00</y>
      </point>
      <point>
        <x>6.00</x>
        <y>0.00</y>
      </point>
      <point>
        <x>7.00</x>
        <y>0.00</y>
      </point>
      <point>
        <x>8.00</x>
        <y>0.00</y>
      </point>
      <point>
        <x>9.00</x>
        <y>0.00</y>
      </point>
      <point>
        <x>10.00</x>
        <y>0.00</y>
      </point>
      <point>
        <x>11.00</x>
        <y>0.00</y>
      </point>
      <point>
        <x>12.00</x>
        <y>0.00</y>
      </point>
      <point>
        <x>13.00</x>
        <y>0.00</y>
      </point>
      <point>
        <x>14.00</x>
        <y>0.00</y>
      </point>
      <point>
        <x>15.00</x>
        <y>0.00</y>
      </point>
      <point>
        <x>16.00</x>
        <y>0.00</y>
      </point>
      <point>
        <x>17.00</x>
        <y>0.00</y>
      </point>
      <point>
        <x>18.00</x>
        <y>0.00</y>
      </point>
      <point>
        <x>19.00</x>
        <y>0.00</y>
      </point>
      <point>
        <x>20.00</x>
        <y>0.00</y>
      </point>
      <point>
        <x>21.00</x>
        <y>0.00</y>
      </point>
      <point>
        <x>22.00</x>
        <y>0.00</y>
      </point>
      <point>
        <x>23.00</x>
        <y>0.00</y>
      </point>
      <point>
        <x>24.00</x>
        <y>0.00</y>
      </point>
      <point>
        <x>25.00</x>
        <y>0.00</y>
      </point>
      <point>
        <x>26.00</x>
        <y>0.00</y>
      </point>
      <point>
        <x>27.00</x>
        <y>0.00</y>
      </point>
      <point>
        <x>28.00</x>
        <y>0.00</y>
      </point>
      <point>
        <x>29.00</x>
        <y>0.00</y>
      </point>
      <point>
        <x>30.00</x>
        <y>0.00</y>
      </point>
      <point>
        <x>31.00</x>
        <y>0.00</y>
      </point>
      <point>
        <x>32.00</x>
        <y>0.00</y>
      </point>
      <point>
        <x>33.00</x>
        <y>0.00</y>
      </point>
      <point>
        <x>34.00</x>
        <y>0.00</y>
      </point>
      <point>
        <x>35.00</x>
        <y>0.00</y>
      </point>
      <point>
        <x>36.00</x>
        <y>0.00</y>
      </point>
      <point>
        <x>37.00</x>
        <y>0.00</y>
      </point>
      <point>
        <x>38.00</x>
        <y>0.00</y>
      </point>
      <point>
        <x>39.00</x>
        <y>0.00</y>
      </point>
      <point>
        <x>40.00</x>
        <y>0.00</y>
      </point>
      <point>
        <x>41.00</x>
        <y>0.00</y>
      </point>
      <point>
        <x>42.00</x>
        <y>0.00</y>
      </point>
      <point>
        <x>43.00</x>
        <y>0.00</y>
      </point>
      <point>
        <x>44.00</x>
        <y>0.00</y>
      </point>
      <point>
        <x>45.00</x>
        <y>0.00</y>
      </point>
      <point>
        <x>46.00</x>
        <y>0.00</y>
      </point>
      <point>
        <x>47.00</x>
        <y>0.00</y>
      </point>
      <point>
        <x>48.00</x>
        <y>0.00</y>
      </point>
      <point>
        <x>49.00</x>
        <y>0.00</y>
      </point>
      <point>
        <x>50.00</x>
        <y>0.00</y>
      </point>
      <point>
        <x>51.00</x>
        <y>0.00</y>
      </point>
      <point>
        <x>52.00</x>
        <y>0.00</y>
      </point>
      <point>
        <x>53.00</x>
        <y>0.00</y>
      </point>
      <point>
        <x>54.00</x>
        <y>0.00</y>
      </point>
      <point>
        <x>55.00</x>
        <y>0.00</y>
      </point>
      <point>
        <x>56.00</x>
        <y>0.00</y>
      </point>
      <point>
        <x>57.00</x>
        <y>0.00</y>
      </point>
      <point>
        <x>58.00</x>
        <y>0.00</y>
      </point>
      <point>
        <x>59.00</x>
        <y>0.00</y>
      </point>
      <point>
        <x>60.00</x>
        <y>0.00</y>
      </point>
      <point>
        <x>61.00</x>
        <y>0.00</y>
      </point>
      <point>
        <x>62.00</x>
        <y>0.00</y>
      </point>
      <point>
        <x>63.00</x>
        <y>0.00</y>
      </point>
      <point>
        <x>64.00</x>
        <y>0.00</y>
      </point>
      <point>
        <x>65.00</x>
        <y>0.00</y>
      </point>
      <point>
        <x>66.00</x>
        <y>0.00</y>
      </point>
      <point>
        <x>67.00</x>
        <y>0.00</y>
      </point>
      <point>
        <x>68.00</x>
        <y>0.00</y>
      </point>
      <point>
        <x>69.00</x>
        <y>0.00</y>
      </point>
      <point>
        <x>70.00</x>
        <y>0.00</y>
      </point>
      <point>
        <x>71.00</x>
        <y>0.00</y>
      </point>
      <point>
        <x>72.00</x>
        <y>0.00</y>
      </point>
      <point>
        <x>73.00</x>
        <y>0.00</y>
      </point>
      <point>
        <x>74.00</x>
        <y>0.00</y>
      </point>
      <point>
        <x>75.00</x>
        <y>0.00</y>
      </point>
      <point>
        <x>76.00</x>
        <y>0.00</y>
      </point>
      <point>
        <x>77.00</x>
        <y>0.00</y>
      </point>
      <point>
        <x>78.00</x>
        <y>0.00</y>
      </point>
      <point>
        <x>79.00</x>
        <y>0.00</y>
      </point>
      <point>
        <x>80.00</x>
        <y>0.00</y>
      </point>
      <point>
        <x>81.00</x>
        <y>0.00</y>
      </point>
      <point>
        <x>82.00</x>
        <y>0.00</y>
      </point>
      <point>
        <x>83.00</x>
        <y>0.00</y>
      </point>
      <point>
        <x>84.00</x>
        <y>0.00</y>
      </point>
      <point>
        <x>85.00</x>
        <y>0.00</y>
      </point>
      <point>
        <x>86.00</x>
        <y>0.00</y>
      </point>
      <point>
        <x>87.00</x>
        <y>0.00</y>
      </point>
      <point>
        <x>88.00</x>
        <y>0.00</y>
      </point>
      <point>
        <x>89.00</x>
        <y>0.00</y>
      </point>
      <point>
        <x>90.00</x>
        <y>0.00</y>
      </point>
      <point>
        <x>91.00</x>
        <y>0.00</y>
      </point>
      <point>
        <x>92.00</x>
        <y>0.00</y>
      </point>
      <point>
        <x>93.00</x>
        <y>0.00</y>
      </point>
      <point>
        <x>94.00</x>
        <y>0.00</y>
      </point>
      <point>
        <x>95.00</x>
        <y>0.00</y>
      </point>
      <point>
        <x>96.00</x>
        <y>0.00</y>
      </point>
      <point>
        <x>97.00</x>
        <y>0.00</y>
      </point>
      <point>
        <x>98.00</x>
        <y>0.00</y>
      </point>
      <point>
        <x>99.00</x>
        <y>0.00</y>
      </point>
      <point>
        <x>100.00</x>
        <y>0.00</y>
      </point>
      <point>
        <x>101.00</x>
        <y>0.00</y>
      </point>
      <point>
        <x>102.00</x>
        <y>0.00</y>
      </point>
      <point>
        <x>103.00</x>
        <y>0.00</y>
      </point>
      <point>
        <x>104.00</x>
        <y>0.00</y>
      </point>
      <point>
        <x>105.00</x>
        <y>0.00</y>
      </point>
      <point>
        <x>106.00</x>
        <y>0.00</y>
      </point>
      <point>
        <x>107.00</x>
        <y>0.00</y>
      </point>
      <point>
        <x>108.00</x>
        <y>0.00</y>
      </point>
      <point>
        <x>109.00</x>
        <y>0.00</y>
      </point>
      <point>
        <x>110.00</x>
        <y>0.00</y>
      </point>
      <point>
        <x>111.00</x>
        <y>0.00</y>
      </point>
      <point>
        <x>112.00</x>
        <y>0.00</y>
      </point>
      <point>
        <x>113.00</x>
        <y>0.00</y>
      </point>
      <point>
        <x>114.00</x>
        <y>0.00</y>
      </point>
      <point>
        <x>115.00</x>
        <y>0.00</y>
      </point>
      <point>
        <x>116.00</x>
        <y>0.00</y>
      </point>
      <point>
        <x>117.00</x>
        <y>0.00</y>
      </point>
      <point>
        <x>118.00</x>
        <y>0.00</y>
      </point>
      <point>
        <x>119.00</x>
        <y>0.00</y>
      </point>
      <point>
        <x>120.00</x>
        <y>0.00</y>
      </point>
      <point>
        <x>121.00</x>
        <y>0.00</y>
      </point>
      <point>
        <x>122.00</x>
        <y>0.00</y>
      </point>
      <point>
        <x>123.00</x>
        <y>0.00</y>
      </point>
      <point>
        <x>124.00</x>
        <y>0.00</y>
      </point>
      <point>
        <x>125.00</x>
        <y>0.00</y>
      </point>
      <point>
        <x>126.00</x>
        <y>0.00</y>
      </point>
      <point>
        <x>127.00</x>
        <y>0.00</y>
      </point>
      <point>
        <x>128.00</x>
        <y>0.00</y>
      </point>
      <point>
        <x>129.00</x>
        <y>0.00</y>
      </point>
      <point>
        <x>130.00</x>
        <y>0.00</y>
      </point>
      <point>
        <x>131.00</x>
        <y>0.00</y>
      </point>
      <point>
        <x>132.00</x>
        <y>0.00</y>
      </point>
      <point>
        <x>133.00</x>
        <y>0.00</y>
      </point>
      <point>
        <x>134.00</x>
        <y>0.00</y>
      </point>
      <point>
        <x>135.00</x>
        <y>0.00</y>
      </point>
      <point>
        <x>136.00</x>
        <y>0.00</y>
      </point>
      <point>
        <x>137.00</x>
        <y>0.00</y>
      </point>
      <point>
        <x>138.00</x>
        <y>0.00</y>
      </point>
      <point>
        <x>139.00</x>
        <y>0.00</y>
      </point>
      <point>
        <x>140.00</x>
        <y>0.00</y>
      </point>
      <point>
        <x>141.00</x>
        <y>0.00</y>
      </point>
      <point>
        <x>142.00</x>
        <y>0.00</y>
      </point>
      <point>
        <x>143.00</x>
        <y>0.00</y>
      </point>
      <point>
        <x>144.00</x>
        <y>0.00</y>
      </point>
      <point>
        <x>145.00</x>
        <y>0.00</y>
      </point>
      <point>
        <x>146.00</x>
        <y>0.00</y>
      </point>
      <point>
        <x>147.00</x>
        <y>0.00</y>
      </point>
      <point>
        <x>148.00</x>
        <y>0.00</y>
      </point>
      <point>
        <x>149.00</x>
        <y>0.00</y>
      </point>
      <point>
        <x>150.00</x>
        <y>0.00</y>
      </point>
      <point>
        <x>151.00</x>
        <y>0.00</y>
      </point>
      <point>
        <x>152.00</x>
        <y>0.00</y>
      </point>
      <point>
        <x>153.00</x>
        <y>0.00</y>
      </point>
      <point>
        <x>154.00</x>
        <y>0.00</y>
      </point>
      <point>
        <x>155.00</x>
        <y>0.00</y>
      </point>
      <point>
        <x>156.00</x>
        <y>0.00</y>
      </point>
      <point>
        <x>157.00</x>
        <y>0.00</y>
      </point>
      <point>
        <x>158.00</x>
        <y>0.00</y>
      </point>
      <point>
        <x>159.00</x>
        <y>0.00</y>
      </point>
      <point>
        <x>160.00</x>
        <y>0.00</y>
      </point>
      <point>
        <x>161.00</x>
        <y>0.00</y>
      </point>
      <point>
        <x>162.00</x>
        <y>0.00</y>
      </point>
      <point>
        <x>163.00</x>
        <y>0.00</y>
      </point>
      <point>
        <x>164.00</x>
        <y>0.00</y>
      </point>
      <point>
        <x>165.00</x>
        <y>0.00</y>
      </point>
      <point>
        <x>166.00</x>
        <y>0.00</y>
      </point>
      <point>
        <x>167.00</x>
        <y>0.00</y>
      </point>
      <point>
        <x>168.00</x>
        <y>0.00</y>
      </point>
      <point>
        <x>169.00</x>
        <y>0.00</y>
      </point>
      <point>
        <x>170.00</x>
        <y>0.00</y>
      </point>
      <point>
        <x>171.00</x>
        <y>0.00</y>
      </point>
      <point>
        <x>172.00</x>
        <y>0.00</y>
      </point>
      <point>
        <x>173.00</x>
        <y>0.00</y>
      </point>
      <point>
        <x>174.00</x>
        <y>0.00</y>
      </point>
      <point>
        <x>175.00</x>
        <y>0.00</y>
      </point>
      <point>
        <x>176.00</x>
        <y>0.00</y>
      </point>
      <point>
        <x>177.00</x>
        <y>0.00</y>
      </point>
      <point>
        <x>178.00</x>
        <y>0.00</y>
      </point>
      <point>
        <x>179.00</x>
        <y>0.00</y>
      </point>
      <point>
        <x>180.00</x>
        <y>0.00</y>
      </point>
      <point>
        <x>181.00</x>
        <y>0.00</y>
      </point>
      <point>
        <x>182.00</x>
        <y>0.00</y>
      </point>
      <point>
        <x>183.00</x>
        <y>0.00</y>
      </point>
      <point>
        <x>184.00</x>
        <y>0.00</y>
      </point>
      <point>
        <x>185.00</x>
        <y>0.00</y>
      </point>
      <point>
        <x>186.00</x>
        <y>0.00</y>
      </point>
      <point>
        <x>187.00</x>
        <y>0.00</y>
      </point>
      <point>
        <x>188.00</x>
        <y>0.00</y>
      </point>
      <point>
        <x>189.00</x>
        <y>0.00</y>
      </point>
      <point>
        <x>190.00</x>
        <y>0.00</y>
      </point>
      <point>
        <x>191.00</x>
        <y>0.00</y>
      </point>
      <point>
        <x>192.00</x>
        <y>0.00</y>
      </point>
      <point>
        <x>193.00</x>
        <y>0.00</y>
      </point>
      <point>
        <x>194.00</x>
        <y>0.00</y>
      </point>
      <point>
        <x>195.00</x>
        <y>0.00</y>
      </point>
      <point>
        <x>196.00</x>
        <y>0.00</y>
      </point>
      <point>
        <x>197.00</x>
        <y>0.00</y>
      </point>
      <point>
        <x>198.00</x>
        <y>0.00</y>
      </point>
      <point>
        <x>199.00</x>
        <y>0.00</y>
      </point>
    </rightBound>
    <adjacentRight drivingDir="same" ref="1"/>
  </lanelet>
  <obstacle id="55371">
    <role>static</role>
    <type>car</type>
    <shape>
      <rectangle>
        <length>2.8</length>
        <width>16</width>
        <orientation>0.0</orientation>
        <center>
          <x>0.0</x>
          <y>0.0</y>
        </center>
      </rectangle>
    </shape>
    <initialState>
      <position>
        <point>
          <x>51.16</x>
          <y>-2</y>
        </point>
      </position>
      <orientation>
        <exact>0.0</exact>
      </orientation>
      <time>
        <exact>0</exact>
      </time>
    </initialState>    
  </obstacle>
  <obstacle id="55374">
    <role>static</role>
    <type>car</type>
    <shape>
      <rectangle>
        <length>2.8</length>
        <width>16</width>
        <orientation>0.0</orientation>
        <center>
          <x>0.0</x>
          <y>0.0</y>
        </center>
      </rectangle>
    </shape>
    <initialState>
      <position>
        <point>
          <x>81.16</x>
          <y>2</y>
        </point>
      </position>
      <orientation>
        <exact>0.00</exact>
      </orientation>
      <time>
        <exact>0</exact>
      </time>
    </initialState>    
  </obstacle>
  <planningProblem id="11">
    <initialState>
      <position>
        <point>
          <x>36.0</x>
          <y>0.06667</y>
        </point>
      </position>
      <orientation>
        <exact>0.02</exact>
      </orientation>
      <time>
        <exact>0</exact>
      </time>
      <velocity>
        <exact>9.0</exact>
      </velocity>
      <yawRate>
        <exact>0.00</exact>
      </yawRate>
      <slipAngle>
        <exact>0.00</exact>
      </slipAngle>
    </initialState>
    <goalState>
       <position>
         <rectangle>
            <length>5</length>
            <width>3.6</width>
            <orientation>0.0</orientation>
            <center>
              <x>93.5</x>
              <y>-2</y>
            </center>
         </rectangle>
      </position>
      <time>
        <intervalStart>30</intervalStart>
        <intervalEnd>40</intervalEnd>
      </time>
    </goalState>
  </planningProblem>
</commonRoad>
